model,quant,mode,problem_id,run_id,duration_s,tokens,success,tool_calls,context_len,inter_token_avg_ms,inter_token_p95_ms,ttft_ms,energy_joules,energy_per_token_j,tps
deepseek-r1-distill-qwen-1.5b,Q4_K_M,base,32,3,22.793021,2048,True,0,376,10.691337203793319,18.201351165771484,0.010967254638671875,317.4354325222969,0.15492212421781204,89.85206480527526
deepseek-r1-distill-qwen-1.5b,Q4_K_M,base,34,1,22.838742,2048,False,0,388,10.724343690364869,16.09435081481932,0.019311904907226562,382.9370893571377,0.18688974590392277,89.67218947523467
deepseek-r1-distill-qwen-1.5b,Q4_K_M,base,31,0,24.828317,2048,False,0,681,11.648131324466465,19.285106658935543,0.014781951904296875,372.7807730574608,0.1819330273584484,82.48646092282453
deepseek-r1-distill-qwen-1.5b,Q4_K_M,base,30,4,24.847545,2048,False,0,448,11.722360720804344,19.907760620117184,0.009059906005859375,359.9713861083984,0.17568149639258096,82.4226296803165
deepseek-r1-distill-qwen-1.5b,Q4_K_M,base,31,1,22.81342,2048,False,0,681,10.727477806728022,19.12159919738769,0.010251998901367188,227.81292986631394,0.11118249383421862,89.77172208287928
deepseek-r1-distill-qwen-1.5b,Q4_K_M,base,34,0,22.780094,2048,False,0,388,10.708856605913303,16.737556457519524,0.009059906005859375,369.80857977771757,0.1804824693888324,89.90305307783191
deepseek-r1-distill-qwen-1.5b,Q4_K_M,base,32,2,22.868931,2048,False,0,376,10.73529523660521,18.65139007568359,0.009775161743164062,392.7724685294628,0.19168983334771245,89.5538142994091
deepseek-r1-distill-qwen-1.5b,Q4_K_M,base,30,3,23.019041,2048,False,0,448,10.842669120702935,19.777154922485348,0.010013580322265625,261.39351289010045,0.12757126056129842,88.96982285230735
deepseek-r1-distill-qwen-1.5b,Q4_K_M,base,33,0,8.760203,810,False,0,378,9.735601603911338,15.781998634338379,0.010967254638671875,78.92009042477608,0.0973120720404144,92.46361071769684
deepseek-r1-distill-qwen-1.5b,Q4_K_M,base,33,1,22.791541,2048,False,0,378,10.73202777339401,19.57569122314453,0.009059906005859375,381.65421611976615,0.18626364866752862,89.85789947244024
deepseek-r1-distill-qwen-1.5b,Q4_K_M,base,30,2,22.986643,2048,False,0,448,10.783469519887452,18.976879119873047,0.007867813110351562,381.26360169529914,0.1860730120523666,89.09521934107559
deepseek-r1-distill-qwen-1.5b,Q4_K_M,base,30,1,25.509659,2048,False,0,448,12.054724248808846,20.335435867309563,0.009059906005859375,416.10113193522454,0.20307522300401393,80.28331542965745
deepseek-r1-distill-qwen-1.5b,Q4_K_M,base,31,4,22.858652,2048,False,0,681,10.745819398052463,19.82784271240234,0.009775161743164062,374.0078747532368,0.18253190568728006,89.59408455056756
deepseek-r1-distill-qwen-1.5b,Q4_K_M,base,33,2,22.795356,2047,True,0,378,10.720370396455362,17.97471046447753,0.007867813110351562,268.2644317133427,0.13092456403774655,89.79899239125723
deepseek-r1-distill-qwen-1.5b,Q4_K_M,base,34,4,22.898708,2048,False,0,388,10.746947842845106,18.579149246215817,0.010967254638671875,381.3499089069368,0.18611513367834884,89.43736039605379
deepseek-r1-distill-qwen-1.5b,Q4_K_M,base,30,0,22.828073,2048,False,0,448,10.710585111522162,17.700290679931637,0.017881393432617188,308.5285883851051,0.15057520174968525,89.71409895175996
deepseek-r1-distill-qwen-1.5b,Q4_K_M,base,32,1,22.760207,2047,False,0,376,10.72326023131609,17.518019676208496,0.010967254638671875,263.80721540307997,0.12881211689603514,89.93767060202923
deepseek-r1-distill-qwen-1.5b,Q4_K_M,base,31,2,22.824011,2048,False,0,681,10.73284926444743,19.11606788635254,0.014066696166992188,369.89156945013997,0.18052297191319666,89.7300654122538
deepseek-r1-distill-qwen-1.5b,Q4_K_M,base,34,3,22.879109,2048,False,0,388,10.73117184022277,15.941715240478512,0.0171661376953125,373.98875285410884,0.18252257337926248,89.51397539126197
deepseek-r1-distill-qwen-1.5b,Q4_K_M,base,34,2,22.815501,2048,False,0,388,10.732997505184265,17.979192733764638,0.017881393432617188,212.73479592227932,0.10382371689715926,89.76353401137236
deepseek-r1-distill-qwen-1.5b,Q4_K_M,base,31,3,22.799112,2048,False,0,681,10.734608954135938,20.021772384643555,0.011920928955078125,292.21217752170566,0.1426120924947319,89.82805997005497
deepseek-r1-distill-qwen-1.5b,Q4_K_M,base,32,0,22.988468,2047,False,0,376,10.692436015233397,18.238902091979966,0.007867813110351562,371.1398890593052,0.18122064895473886,89.04464621130907
deepseek-r1-distill-qwen-1.5b,F16,base,55,2,41.571298,2048,False,0,331,19.844686304318607,59.42144393920894,0.009059906005859375,705.7452148473031,0.34443397503528705,49.264759546358164
deepseek-r1-distill-qwen-1.5b,F16,base,57,4,44.959701,2048,False,0,413,21.524249431038555,68.55621337890625,0.009059906005859375,313.06745538866664,0.15279036378168212,45.55190435986218
deepseek-r1-distill-qwen-1.5b,F16,base,56,0,26.280119,1369,True,0,364,18.513484592855413,59.75807905197139,0.009775161743164062,252.8660814536381,0.1845737820829475,52.09261038734262
deepseek-r1-distill-qwen-1.5b,F16,base,55,3,41.993975,2048,False,0,331,20.10110798785022,34.14463996887205,0.010013580322265625,647.7277554317051,0.3161189631194266,48.76890077683763
deepseek-r1-distill-qwen-1.5b,F16,base,57,2,30.671244,1403,False,0,413,21.23629418533412,33.47554206848144,0.012159347534179688,221.06392733800652,0.15745293969943486,45.743172334320704
deepseek-r1-distill-qwen-1.5b,F16,base,55,4,40.802811,2048,True,0,331,19.50191904592072,60.84117889404295,0.010013580322265625,457.32301230634306,0.22319327101334457,50.19262030745872
deepseek-r1-distill-qwen-1.5b,F16,base,59,0,33.22512,1517,True,0,342,21.269982197225016,29.98071908950804,0.010013580322265625,274.9949272214565,0.1811560785385089,45.65822486118937
deepseek-r1-distill-qwen-1.5b,F16,base,57,3,38.010015,1605,False,0,413,23.11581009500202,36.80622577667236,0.009059906005859375,178.2964335900223,0.11101894993152074,42.22571340737434
deepseek-r1-distill-qwen-1.5b,F16,base,57,0,21.653987,1130,False,0,413,18.269734715698675,32.44650363922119,0.010967254638671875,253.96599633358002,0.22454995254958446,52.18438525893638
deepseek-r1-distill-qwen-1.5b,F16,base,57,1,37.479625,2025,False,0,413,18.07278730085548,34.527480602264404,0.014066696166992188,531.5260702886296,0.2623524532520383,54.029355950066204
deepseek-r1-distill-qwen-1.5b,F16,base,55,0,42.691317,2048,False,0,331,20.34740904123391,31.666707992553693,0.0209808349609375,343.7621148616809,0.16777067587197703,47.97228438747861
deepseek-r1-distill-qwen-1.5b,F16,base,58,0,40.410644,2045,True,0,403,19.29476471747812,43.267440795898295,0.010967254638671875,470.86424447604276,0.22980197387801013,50.60547909110283
deepseek-r1-distill-qwen-1.5b,F16,base,55,1,44.945641,2046,False,0,331,21.51168155623577,28.491520881652754,0.009059906005859375,546.2117572083174,0.26683525022389715,45.5216558152992
deepseek-r1-distill-qwen-1.5b,Q4_K_M,tool_submission,32,3,270.387933,1,False,0,493,617.8642908732096,1661.8391036987302,7.9898834228515625,4.328036185741425,1.442678728580475,0.003698389898191204
deepseek-r1-distill-qwen-1.5b,Q4_K_M,tool_submission,34,1,1.423131,11,False,1,505,,,,,,7.729436011161306
deepseek-r1-distill-qwen-1.5b,Q4_K_M,tool_submission,31,0,1.547799,13,False,1,798,,,,,,8.399023387403663
deepseek-r1-distill-qwen-1.5b,Q4_K_M,tool_submission,30,4,1.44877,12,False,1,565,,,,,,8.28288824313038
deepseek-r1-distill-qwen-1.5b,Q4_K_M,tool_submission,31,1,1.506827,13,False,1,798,,,,,,8.627400491230912
deepseek-r1-distill-qwen-1.5b,Q4_K_M,tool_submission,34,0,1.307561,12,False,1,505,,,,,,9.177392106372093
deepseek-r1-distill-qwen-1.5b,Q4_K_M,tool_submission,32,2,1.428766,13,False,1,493,,,,,,9.098760748786015
deepseek-r1-distill-qwen-1.5b,Q4_K_M,tool_submission,30,3,1.263185,12,False,1,565,,,,,,9.49979615020761
deepseek-r1-distill-qwen-1.5b,Q4_K_M,tool_submission,33,0,1.593017,11,False,1,495,,,,,,6.905136605572948
deepseek-r1-distill-qwen-1.5b,Q4_K_M,tool_submission,32,4,290.845148,2048,False,0,493,11.642889722839922,18.01934242248535,0.008821487426757812,355.55239038729667,0.1735248366946299,7.041547758603145
deepseek-r1-distill-qwen-1.5b,Q4_K_M,tool_submission,33,1,1.525935,20,False,1,495,,,,,,13.106718176069098
deepseek-r1-distill-qwen-1.5b,Q4_K_M,tool_submission,30,2,1.322792,12,False,1,565,,,,,,9.071721026434995
deepseek-r1-distill-qwen-1.5b,Q4_K_M,tool_submission,30,1,1.410442,12,False,1,565,,,,,,8.507971260073084
deepseek-r1-distill-qwen-1.5b,Q4_K_M,tool_submission,31,4,1.521596,13,False,1,798,,,,,,8.543660735175434
deepseek-r1-distill-qwen-1.5b,Q4_K_M,tool_submission,33,2,1.370379,12,False,1,495,,,,,,8.756701613203354
deepseek-r1-distill-qwen-1.5b,Q4_K_M,tool_submission,33,3,1.664432,12,False,1,495,,,,,,7.209666721139705
deepseek-r1-distill-qwen-1.5b,Q4_K_M,tool_submission,34,4,1.356578,12,False,1,505,,,,,,8.845786972809524
deepseek-r1-distill-qwen-1.5b,Q4_K_M,tool_submission,30,0,1.527031,15,False,1,565,,,,,,9.82298329241515
deepseek-r1-distill-qwen-1.5b,Q4_K_M,tool_submission,32,1,1.395411,12,False,1,493,,,,,,8.59961688706768
deepseek-r1-distill-qwen-1.5b,Q4_K_M,tool_submission,33,4,1.498338,13,False,1,495,,,,,,8.676279984889925
deepseek-r1-distill-qwen-1.5b,Q4_K_M,tool_submission,31,2,1.344841,11,False,1,798,,,,,,8.179405595159578
deepseek-r1-distill-qwen-1.5b,Q4_K_M,tool_submission,34,3,1.301826,12,False,1,505,,,,,,9.217821736545437
deepseek-r1-distill-qwen-1.5b,Q4_K_M,tool_submission,34,2,1.465109,12,False,1,505,,,,,,8.190516883044197
deepseek-r1-distill-qwen-1.5b,Q4_K_M,tool_submission,31,3,146.522073,4610,False,1,798,,,,,,31.46283631954893
deepseek-r1-distill-qwen-1.5b,Q4_K_M,tool_submission,32,0,1.565889,13,False,1,493,,,,,,8.301993308593392
deepseek-r1-distill-qwen-1.5b,F16,tool_submission,55,2,36.617785,998,False,1,448,,,,,,27.2545158042738
deepseek-r1-distill-qwen-1.5b,F16,tool_submission,56,1,1.614316,13,False,1,481,,,,,,8.052946263309043
deepseek-r1-distill-qwen-1.5b,F16,tool_submission,57,4,4.237416,87,False,1,530,,,,,,20.531380445063693
deepseek-r1-distill-qwen-1.5b,F16,tool_submission,58,2,2.413114,36,False,1,520,,,,,,14.918482922895477
deepseek-r1-distill-qwen-1.5b,F16,tool_submission,58,3,2.421347,36,False,1,520,,,,,,14.867757492007549
deepseek-r1-distill-qwen-1.5b,F16,tool_submission,56,0,1.893701,20,False,1,481,,,,,,10.561329375651171
deepseek-r1-distill-qwen-1.5b,F16,tool_submission,55,3,1.492911,13,False,1,448,,,,,,8.707819823150878
deepseek-r1-distill-qwen-1.5b,F16,tool_submission,57,2,1.495176,11,False,1,530,,,,,,7.3569934241855135
deepseek-r1-distill-qwen-1.5b,F16,tool_submission,58,4,2.112037,26,False,1,520,,,,,,12.310390395622804
deepseek-r1-distill-qwen-1.5b,F16,tool_submission,59,1,3.311256,60,False,1,459,,,,,,18.120012466568575
deepseek-r1-distill-qwen-1.5b,F16,tool_submission,55,4,1.696438,12,False,1,448,,,,,,7.073644895952579
deepseek-r1-distill-qwen-1.5b,F16,tool_submission,59,0,4.857075,99,False,1,459,,,,,,20.382637698614907
deepseek-r1-distill-qwen-1.5b,F16,tool_submission,57,3,1.417965,11,False,1,530,,,,,,7.757596273532845
deepseek-r1-distill-qwen-1.5b,F16,tool_submission,59,3,370.798244,2048,False,0,459,20.030466506049482,70.34521102905272,0.010013580322265625,434.95528329243473,0.21227685861026585,5.523219252354388
deepseek-r1-distill-qwen-1.5b,F16,tool_submission,57,0,7.846666,182,False,1,530,,,,,,23.19456441755008
deepseek-r1-distill-qwen-1.5b,F16,tool_submission,56,4,1.669217,13,False,1,481,,,,,,7.788082675889354
deepseek-r1-distill-qwen-1.5b,F16,tool_submission,57,1,1.634438,12,False,1,530,,,,,,7.341973204245129
deepseek-r1-distill-qwen-1.5b,F16,tool_submission,59,2,2.298827,33,False,1,459,,,,,,14.355147212034659
deepseek-r1-distill-qwen-1.5b,F16,tool_submission,55,0,6.04287,136,False,1,448,,,,,,22.50586228067127
deepseek-r1-distill-qwen-1.5b,F16,tool_submission,58,0,5.73186,130,False,1,520,,,,,,22.68024690065703
deepseek-r1-distill-qwen-1.5b,F16,tool_submission,56,3,1.262506,7,False,1,481,,,,,,5.544528105212966
deepseek-r1-distill-qwen-1.5b,F16,tool_submission,56,2,1.550761,11,False,1,481,,,,,,7.093291616180701
deepseek-r1-distill-qwen-1.5b,F16,tool_submission,58,1,2.279546,33,False,1,520,,,,,,14.476566825148517
deepseek-r1-distill-qwen-1.5b,F16,tool_submission,59,4,2.074518,27,False,1,459,,,,,,13.015071452742276
deepseek-r1-distill-qwen-1.5b,F16,tool_submission,55,1,454.143052,2048,False,2,448,20.9756509567715,73.9086627960205,0.011682510375976562,484.0312036289997,0.23622801543631025,4.509592277104792
gemma-3n-e2b-it,Q4_K_M,base,13,4,143.439448,100,False,0,947,1388.202435899489,2863.1162643432617,0.010013580322265625,1842.0682221041645,18.238299228754105,0.6971582880045663
gemma-3n-e2b-it,Q4_K_M,base,12,0,325.465718,234,True,0,502,1371.359718606827,2697.9123592376704,0.010967254638671875,7029.05982137881,29.910892856931106,0.718969731859747
gemma-3n-e2b-it,Q4_K_M,base,13,2,156.222597,100,False,0,947,1509.6914555766796,2881.7882537841797,0.017881393432617188,2430.16806848607,24.061069985010594,0.6401122623764858
gemma-3n-e2b-it,Q4_K_M,base,13,3,141.999354,100,False,0,947,1371.7630782929978,2771.512746810913,0.010967254638671875,2870.07063778841,28.416540968202078,0.7042285558566695
gemma-3n-e2b-it,Q4_K_M,base,10,0,151.343379,101,True,0,445,1456.6865294587378,3113.8344287872314,0.014781951904296875,3399.7457788574698,33.33084096919088,0.667356581221832
gemma-3n-e2b-it,Q4_K_M,base,13,0,143.245467,102,False,0,947,1354.4807966473034,2765.246796607971,0.008821487426757812,3436.6285164804763,33.36532540272307,0.7120644173682649
gemma-3n-e2b-it,Q4_K_M,base,13,1,139.136397,102,False,0,947,1317.2667790385126,2746.3075160980225,0.009059906005859375,2539.0462984510623,24.650934936418082,0.7330935844198985
gemma-3n-e2b-it,Q4_K_M,base,11,0,286.438703,200,True,0,358,1410.0805028754087,2769.0088748931885,0.019073486328125,7536.803869673013,37.49653666503986,0.6982296662612665
gemma-3n-e2b-it,Q4_K_M,base,14,0,147.164406,109,True,0,306,1313.6853456497192,2663.4239315986633,0.010013580322265625,2978.025713832297,27.07296103483906,0.7406682292455962
gemma-3n-e2b-it,F16,base,39,1,6.704272,178,False,0,422,32.585954666137695,48.81938695907592,0.008821487426757812,65.63587507271767,0.36464375040398705,26.550235431975317
gemma-3n-e2b-it,F16,base,35,4,4.849938,83,False,0,288,45.915464560190834,81.81587457656839,0.009059906005859375,49.06119600200653,0.5840618571667444,17.113620833915814
gemma-3n-e2b-it,F16,base,39,0,8.812127,247,False,0,422,31.293000562123986,90.2073860168457,0.009059906005859375,123.86366975688935,0.4974444568549773,28.02955518003769
gemma-3n-e2b-it,F16,base,35,2,4.87748,83,False,0,288,45.96118983768282,96.59302234649627,0.008106231689453125,46.83602278900146,0.557571699869065,17.01698418035543
gemma-3n-e2b-it,F16,base,36,1,8.761907,246,False,0,337,31.83440447818895,94.24791336059567,0.008821487426757812,117.68440870475769,0.47645509597067887,28.076079784914402
gemma-3n-e2b-it,F16,base,36,0,8.721733,246,False,0,337,31.45619842313951,50.31987428665159,0.010013580322265625,89.135489259243,0.3594172954001734,28.205403673788226
gemma-3n-e2b-it,F16,base,35,3,4.755502,83,False,0,288,45.92871382122948,95.93892097473113,0.009059906005859375,12.273557128429413,0.14611377533844538,17.453467583443345
gemma-3n-e2b-it,F16,base,35,0,4.953525,87,False,0,288,43.8821017742157,51.99917554855342,0.01811981201171875,35.00643727231026,0.3978004235489802,17.563250412584978
gemma-3n-e2b-it,F16,base,36,3,6.737006,188,False,0,337,30.963554584160054,49.00908470153808,0.009059906005859375,37.98148956012726,0.20096026222289554,27.905571109777846
gemma-3n-e2b-it,F16,base,38,0,10.748823,294,True,0,355,33.18976628578315,92.85416603088382,0.008106231689453125,67.175450622797,0.22771339194168475,27.351831916852664
gemma-3n-e2b-it,F16,base,39,4,6.782333,162,False,0,422,35.77235413760674,49.81136322021484,0.010013580322265625,44.88481539344788,0.27368789874053584,23.885586272452265
gemma-3n-e2b-it,F16,base,36,2,6.844197,161,False,0,337,36.150031619601776,97.77745008468625,0.014066696166992188,90.1033840651512,0.5561937287972296,23.52357771116173
gemma-3n-e2b-it,F16,base,35,1,4.760623,83,False,0,288,45.85656097957066,94.57010030746429,0.010013580322265625,45.72341175317764,0.5443263303949719,17.434692896286894
gemma-3n-e2b-it,F16,base,37,0,6.785769,141,True,0,615,40.67872443669279,87.7255558967586,0.008106231689453125,91.09568942236899,0.6415189395941479,20.778779825838456
gemma-3n-e2b-it,F16,base,39,3,12.859561,365,False,0,422,32.47848625391559,93.80239248275757,0.009059906005859375,200.54609861660003,0.5479401601546449,28.383550573771533
gemma-3n-e2b-it,F16,base,39,2,6.772486,149,False,0,422,38.7695688285575,89.07532691955566,0.013113021850585938,82.12653530359269,0.5438843397588919,22.000783759464397
gemma-3n-e2b-it,F16,base,36,4,6.810317,165,False,0,337,35.21812536630286,95.72350978851318,0.009059906005859375,86.49022577857971,0.5210254564974681,24.22794709849776
gemma-3n-e2b-it,Q4_K_M,base,61,1,341.48891,166,False,0,366,2025.824952268315,4484.959053993222,0.011205673217773438,3531.905645513282,21.14913560187594,0.48610656199640573
gemma-3n-e2b-it,Q4_K_M,base,60,4,368.457077,206,False,0,424,1760.8356809846446,3483.1560373306274,0.010013580322265625,7155.915692880109,34.56964102840632,0.5590881892601021
gemma-3n-e2b-it,Q4_K_M,base,64,0,408.520143,260,True,0,609,1550.9094552518764,2815.75608253479,0.010967254638671875,11234.866265387282,43.04546461834207,0.636443525380828
gemma-3n-e2b-it,Q4_K_M,base,61,0,317.832986,166,False,0,366,1873.9605392524581,3591.499495506285,0.010013580322265625,4659.081692734683,27.898692770866365,0.5222868843449748
gemma-3n-e2b-it,Q4_K_M,base,60,2,328.992709,198,False,0,424,1632.5899847787828,3417.7538633346558,0.009059906005859375,6677.149876650997,33.55351696809546,0.601837045574162
gemma-3n-e2b-it,Q4_K_M,base,63,1,275.101799,175,False,0,439,1539.5775803110816,3043.887674808502,0.010967254638671875,5341.656582929304,30.3503214939165,0.6361281555995931
gemma-3n-e2b-it,Q4_K_M,base,63,0,315.000386,175,False,0,439,1769.3094719539988,3524.182617664337,0.011920928955078125,4242.783060399817,24.106721934089872,0.5555548747803757
gemma-3n-e2b-it,Q4_K_M,base,60,3,334.265477,198,False,0,424,1657.9375878051299,3239.6029472351074,0.010013580322265625,6749.23140066016,33.91573568170935,0.5923435521281787
gemma-3n-e2b-it,Q4_K_M,base,60,0,608.984382,218,False,0,424,2756.0470822739276,5436.245107650757,0.019073486328125,6786.102673564209,30.986770198923328,0.35797305553888575
gemma-3n-e2b-it,Q4_K_M,base,63,3,316.881837,187,False,0,439,1669.2948087732843,3283.6023449897766,0.010967254638671875,6232.307073968883,33.15056954238767,0.5901253343213861
gemma-3n-e2b-it,Q4_K_M,base,63,2,315.82865,172,False,0,439,1800.3580749379416,3557.854986190796,0.010013580322265625,7446.714214291656,43.04459083405582,0.5445991046094141
gemma-3n-e2b-it,Q4_K_M,base,60,1,372.857677,198,False,0,424,1838.6486738770452,3764.466857910156,0.015020370483398438,6973.255552567549,35.04148518878165,0.5310337220172081
gemma-3n-e2b-it,Q4_K_M,base,62,0,196.508999,108,True,0,329,1766.7644308247698,3888.855695724486,0.033855438232421875,2812.5237141999964,25.802969855045838,0.5495931512022002
gemma-3n-e2b-it,Q4_K_M,base,61,3,313.874329,189,True,0,366,1630.678041357743,3241.5681958198534,0.010967254638671875,5694.011191344776,29.96847995444619,0.602151824910791
gemma-3n-e2b-it,Q4_K_M,base,61,2,327.295656,167,False,0,366,1919.5183033034914,3723.9597797393803,0.009059906005859375,3962.049239061854,23.583626422987226,0.5102420302211405
gemma-3n-e2b-it,Q4_K_M,base,63,4,268.49698,175,False,0,439,1501.7686594616282,2961.812376976013,0.011205673217773438,6964.266596596472,39.56969657157086,0.651776418490815
gemma-3n-e2b-it,Q4_K_M,full_tool,13,4,132.635098,102,False,3,2928,1255.0992988845678,1442.288613319397,0.010967254638671875,3630.339211791754,35.246011764968486,0.7690272148025253
gemma-3n-e2b-it,Q4_K_M,full_tool,12,1,221.473929,150,True,3,2775,1440.924742363936,2131.8880319595337,0.01621246337890625,4045.4606442683476,26.791130094492367,0.6772806202395046
gemma-3n-e2b-it,Q4_K_M,full_tool,12,0,122.533072,87,False,1,2341,1361.8637025356293,2611.636936664581,0.012874603271484375,2899.097318853122,32.944287714240026,0.7100123956738797
gemma-3n-e2b-it,Q4_K_M,full_tool,10,1,103.645127,77,False,2,2343,1287.2300423108613,1913.3697390556329,0.010967254638671875,2774.9228530855175,35.57593401391689,0.7429196357683078
gemma-3n-e2b-it,Q4_K_M,full_tool,13,2,397.193124,79,False,5,4172,1291.378852725029,1825.865197181701,0.012159347534179688,2452.167414331675,30.652092679145937,0.19889568883876246
gemma-3n-e2b-it,Q4_K_M,full_tool,13,3,179.408086,131,False,3,5728,1329.0877884084528,1739.0463352203362,0.010013580322265625,4892.504113968133,37.06442510581919,0.7301789062060448
gemma-3n-e2b-it,Q4_K_M,full_tool,10,0,38.830771,31,False,1,2088,1072.6429373025894,2205.7915210723877,0.009059906005859375,852.8597091341018,26.65186591044068,0.7983359382691629
gemma-3n-e2b-it,Q4_K_M,full_tool,10,3,120.128256,95,False,3,3359,1211.861935754617,1414.6432280540466,0.008821487426757812,3071.8241894135485,31.998168639724465,0.7908214367151056
gemma-3n-e2b-it,Q4_K_M,full_tool,13,0,160.834867,106,False,3,2943,1470.3168690761672,2118.8880681991573,0.010013580322265625,2671.952794966501,24.971521448285056,0.659061072870474
gemma-3n-e2b-it,Q4_K_M,full_tool,13,1,141.879046,106,False,3,2938,1284.5643012323112,1554.6464443206787,0.010013580322265625,3713.6488681569103,34.706998767821595,0.7471152575976583
gemma-3n-e2b-it,Q4_K_M,full_tool,10,2,96.61066,77,False,2,2343,1199.3631307895366,1387.866163253784,0.027179718017578125,2583.8754215800773,33.12660796897535,0.7970134972683139
gemma-3n-e2b-it,Q4_K_M,full_tool,11,0,315.135891,48,False,5,3327,1334.2339165356696,2850.570440292358,0.010967254638671875,1704.9556962940692,34.795014210083046,0.15231524358486986
gemma-3n-e2b-it,Q4_K_M,full_tool,11,1,403.412417,309,True,3,3119,1288.685570224639,1610.2067947387698,0.009775161743164062,10724.084072787768,34.59381958963796,0.7659655156326038
gemma-3n-e2b-it,Q4_K_M,full_tool,10,4,38.097559,31,False,1,2088,1093.772940337658,2243.276083469391,0.010967254638671875,854.5825870280266,26.705705844625832,0.8137004263186521
gemma-3n-e2b-it,Q4_K_M,full_tool,14,0,161.601502,119,True,3,2571,1316.6603187719982,1540.3461456298824,0.0152587890625,4271.667277050495,35.59722730875412,0.7363792942964107
gemma-3n-e2b-it,F16,full_tool,38,4,7.528113,197,False,3,3390,29.56618323470607,95.49922943115232,0.011205673217773438,115.10021356344225,0.5813142099163751,26.16857637498268
gemma-3n-e2b-it,F16,full_tool,39,1,11.619363,269,False,3,4155,36.767289373609756,73.81272315978927,0.010013580322265625,125.9831097152233,0.46660411005638264,23.151010946125016
gemma-3n-e2b-it,F16,full_tool,37,2,5.50933,89,False,3,4873,43.240812089708115,50.88746547698974,0.009298324584960938,30.567121659278868,0.3396346851030985,16.154414420628278
gemma-3n-e2b-it,F16,full_tool,35,4,5.379765,91,False,3,3162,41.87964097313259,49.563384056091316,0.011205673217773438,30.134765159130097,0.3275517952079358,16.915237003846823
gemma-3n-e2b-it,F16,full_tool,37,3,5.559187,89,False,3,4873,42.673420906066895,107.8272819519043,0.010013580322265625,49.70367358589172,0.5522630398432413,16.00953520721645
gemma-3n-e2b-it,F16,full_tool,39,0,11.579112,269,False,3,4155,36.21014400764748,98.94864559173584,0.010967254638671875,79.63459467673302,0.2949429432471593,23.231487872299706
gemma-3n-e2b-it,F16,full_tool,35,2,5.512557,91,False,3,3162,41.857076727825664,93.14160346984865,0.011920928955078125,48.61590805578232,0.5284337832150252,16.507765815392023
gemma-3n-e2b-it,F16,full_tool,38,2,7.48965,197,False,3,3390,29.608515777973214,48.69600534439084,0.010013580322265625,90.0985617685318,0.45504324125521106,26.30296475803275
gemma-3n-e2b-it,F16,full_tool,36,1,5.596723,119,False,3,3073,32.121241092681885,91.62027835845947,0.014066696166992188,77.38976171970367,0.6449146809975306,21.26244232562519
gemma-3n-e2b-it,F16,full_tool,37,4,6.035342,89,False,3,4873,43.40294467078315,76.45789384841905,0.008821487426757812,53.42210106325149,0.5935789007027943,14.74647169953252
gemma-3n-e2b-it,F16,full_tool,36,0,5.571556,119,False,3,3073,31.48518403371175,92.17358827590942,0.012159347534179688,69.20024793338774,0.5766687327782312,21.35848585206718
gemma-3n-e2b-it,F16,full_tool,38,3,9.641951,197,False,3,3390,39.778545649364744,92.26326942443846,0.008106231689453125,146.90925500631332,0.7419659343753198,20.431549589911832
gemma-3n-e2b-it,F16,full_tool,35,3,5.568739,91,False,3,3162,41.95082705953847,69.31312084198011,0.010013580322265625,21.383169322967532,0.23242575351051667,16.341221953479952
gemma-3n-e2b-it,F16,full_tool,35,0,5.513039,91,False,3,3162,37.7931957659514,49.75481033325196,0.008106231689453125,26.146218235731123,0.28419802430142527,16.50632255639766
gemma-3n-e2b-it,F16,full_tool,36,3,5.452478,119,False,3,3073,32.22038149833679,27.71499156951904,0.010013580322265625,41.12805392789841,0.3427337827324867,21.824939046063093
gemma-3n-e2b-it,F16,full_tool,38,0,9.548676,197,False,3,3390,39.08885849846734,99.61762428283686,0.010013580322265625,129.07920998573303,0.6519152019481466,20.631132525598314
gemma-3n-e2b-it,F16,full_tool,38,1,7.573683,197,False,3,3390,29.593364156857884,99.10736083984372,0.010013580322265625,52.59142635941505,0.26561326444149014,26.011122989964065
gemma-3n-e2b-it,F16,full_tool,39,4,11.715866,270,False,3,4026,36.355339732997095,94.67470645904541,0.010013580322265625,160.56099862384795,0.5924760096820958,23.045671570501064
gemma-3n-e2b-it,F16,full_tool,36,2,5.549893,129,False,3,3369,29.71226985637958,95.61673402786253,0.010251998901367188,33.5074069635868,0.2577492843352831,23.24369136486055
gemma-3n-e2b-it,F16,full_tool,35,1,5.575061,91,False,3,3162,41.807794052621595,96.26467227935791,0.010251998901367188,40.48432207322121,0.4400469790567523,16.322691357099053
gemma-3n-e2b-it,F16,full_tool,37,0,5.516568,89,False,3,4873,41.17379983266195,95.84053754806517,0.007867813110351562,44.16311205911637,0.49070124510129304,16.133219059386196
gemma-3n-e2b-it,F16,full_tool,39,3,9.540086,269,False,3,4155,29.160922544973868,93.03874969482415,0.009059906005859375,145.43731262779235,0.538656713436268,28.196810804430903
gemma-3n-e2b-it,F16,full_tool,39,2,11.600124,270,False,3,4026,36.44281911674021,95.88944911956787,0.009059906005859375,156.87690898394587,0.5788815829665899,23.275613260685837
gemma-3n-e2b-it,F16,full_tool,36,4,5.567028,119,False,3,3073,32.08944797515869,93.66713762283324,0.010013580322265625,76.55953510713577,0.6379961258927981,21.3758579981994
gemma-3n-e2b-it,F16,full_tool,37,1,5.601568,89,False,3,4873,42.82422065734863,72.99107313156117,0.008821487426757812,24.732346678972245,0.2748038519885805,15.88840838850836
gemma-3n-e2b-it,Q4_K_M,tool_submission,12,0,62.492684,43,True,1,554,1344.016893343492,2435.292518138886,0.012159347534179688,753.4996612752628,17.12499230171052,0.6880805439561534
gemma-3n-e2b-it,Q4_K_M,tool_submission,13,2,163.307716,113,False,1,999,1405.6902705577381,3174.8391032218915,0.009059906005859375,2229.45945631136,19.55666189746807,0.6919452599533019
gemma-3n-e2b-it,Q4_K_M,tool_submission,13,3,228.112311,163,True,1,999,1370.9857085855995,2935.2373361587524,0.009059906005859375,5376.052085364102,32.7808053985616,0.7145602939422239
gemma-3n-e2b-it,Q4_K_M,tool_submission,10,0,144.769251,107,True,1,497,1316.9529614625153,2708.4686875343314,0.010967254638671875,2522.3379982953156,23.354981465697367,0.7391072293383628
gemma-3n-e2b-it,Q4_K_M,tool_submission,13,0,315.907282,237,False,1,999,1312.1623912779223,2391.4693474769565,0.011205673217773438,6230.365507826643,26.178006335406064,0.7502201231309381
gemma-3n-e2b-it,Q4_K_M,tool_submission,13,1,130.667951,100,False,1,999,1261.5945055933282,2526.309013366699,0.010013580322265625,2605.3315653889385,25.795362033553847,0.7652986002665643
gemma-3n-e2b-it,Q4_K_M,tool_submission,11,0,279.28714,192,True,1,410,1430.4817624660354,2840.515995025633,0.014066696166992188,3828.2020070879203,19.835243560041036,0.6874645212808581
gemma-3n-e2b-it,Q4_K_M,tool_submission,14,0,144.078967,110,True,1,358,1275.7347467783336,2496.452808380127,0.010013580322265625,3091.8261304332273,27.85428946336241,0.7634702156075286
gemma-3n-e2b-it,F16,tool_submission,39,1,8.809092,219,False,1,474,36.04823134162209,100.36967992782593,0.008821487426757812,125.68141249871253,0.5712791477214206,24.860678035829345
gemma-3n-e2b-it,F16,tool_submission,35,4,4.765127,83,False,1,340,45.97611938204084,86.32854223251319,0.009059906005859375,49.08402271842956,0.5843336037908281,17.418213617391523
gemma-3n-e2b-it,F16,tool_submission,39,0,10.776581,287,False,0,474,33.82884424862977,92.73729324340815,0.007867813110351562,162.35020951008795,0.5617654308307541,26.631823209977263
gemma-3n-e2b-it,F16,tool_submission,35,2,4.788517,87,False,1,340,43.74191164970398,99.05140399932853,0.008344650268554688,48.1571090555191,0.5472398756308988,18.16846426565887
gemma-3n-e2b-it,F16,tool_submission,36,1,6.76969,164,False,1,389,35.5473518371582,80.8465003967279,0.010013580322265625,44.555426732063296,0.2700328892852321,24.225629238561886
gemma-3n-e2b-it,F16,tool_submission,36,0,6.788599,140,False,1,389,40.911270371565585,49.65996742248535,0.009059906005859375,87.11721823549271,0.6178526115992391,20.62281186442151
gemma-3n-e2b-it,F16,tool_submission,35,3,4.750452,87,False,1,340,43.886759064414285,48.53972196578979,0.010967254638671875,21.409726580142973,0.24329234750162468,18.3140467475516
gemma-3n-e2b-it,F16,tool_submission,35,0,4.828108,83,False,1,340,45.31819479806082,48.3514666557312,0.010013580322265625,30.822714608907702,0.36693707867747266,17.190999041446464
gemma-3n-e2b-it,F16,tool_submission,36,3,6.748301,167,False,1,389,34.88834698994955,49.752354621887214,0.010013580322265625,61.962836420059205,0.3688264072622572,24.746969644655746
gemma-3n-e2b-it,F16,tool_submission,38,0,6.743708,187,True,1,407,30.66500450702424,48.579561710357666,0.010013580322265625,47.60209002399445,0.2532026065106088,27.729551754020193
gemma-3n-e2b-it,F16,tool_submission,39,4,10.825545,278,False,0,474,35.38984996931894,50.61105489730835,0.009059906005859375,116.6223818101883,0.41650850646495824,25.680000406446048
gemma-3n-e2b-it,F16,tool_submission,36,2,6.818008,161,False,1,389,36.152074366440004,90.32495021820067,0.010967254638671875,83.8700803961754,0.5177165456554037,23.613935331258045
gemma-3n-e2b-it,F16,tool_submission,35,1,4.725093,83,False,1,340,45.25528351465861,87.63951063156104,0.008821487426757812,52.11735649418831,0.6204447201689084,17.56579182674288
gemma-3n-e2b-it,F16,tool_submission,37,0,6.794352,141,True,1,727,40.06569654169217,93.0496573448181,0.010013580322265625,82.91790632081032,0.5839289177521854,20.75253092568651
gemma-3n-e2b-it,F16,tool_submission,39,3,8.826968,233,False,1,474,33.66322700793926,100.49121379852295,0.010013580322265625,128.44017417478562,0.5488896332255796,26.39637982147437
gemma-3n-e2b-it,F16,tool_submission,39,2,8.77075,230,False,0,474,33.908563441243665,94.59177255630492,0.008821487426757812,57.917642429590224,0.24964501047237164,26.22352706439016
gemma-3n-e2b-it,F16,tool_submission,36,4,6.770929,165,False,1,389,35.34414538417954,80.19661903381348,0.009059906005859375,85.33966517686844,0.5140943685353521,24.36888645561045
gemma-3n-e2b-it,Q4_K_M,tool_submission,60,4,334.79419,206,False,1,476,1601.000256008572,3219.3310976028433,0.010967254638671875,5184.475857530831,25.04577708952092,0.615303389822864
gemma-3n-e2b-it,Q4_K_M,tool_submission,64,0,161.692564,92,True,1,701,1706.521362386724,3359.6088886260986,0.010013580322265625,4311.446550990169,46.359640333227624,0.5689810200548245
gemma-3n-e2b-it,Q4_K_M,tool_submission,61,0,328.702372,210,True,1,424,1542.8767260781963,2991.102933883667,0.024080276489257812,5962.496905569307,28.258279173314254,0.6388758277655507
gemma-3n-e2b-it,Q4_K_M,tool_submission,60,2,418.417059,223,False,1,476,1850.5479906286512,3904.6107888221736,0.007867813110351562,4589.747806411738,20.489945564338115,0.5329610617047046
gemma-3n-e2b-it,Q4_K_M,tool_submission,63,1,292.01957,181,False,1,491,1582.612116258223,3196.3025212287894,0.010967254638671875,1997.589795770595,10.975768108629643,0.6198214729238866
gemma-3n-e2b-it,Q4_K_M,tool_submission,63,0,315.865208,191,False,1,491,1622.2355713446934,3330.4782748222324,0.010967254638671875,2522.290343539276,13.136928872600395,0.6046883137569238
gemma-3n-e2b-it,Q4_K_M,tool_submission,60,3,367.521417,206,False,1,476,1753.41632746268,3624.06632900238,0.009775161743164062,3889.587441482185,18.79027749508302,0.5605115524464797
gemma-3n-e2b-it,Q4_K_M,tool_submission,60,0,367.084876,204,False,1,476,1774.8570197966042,3488.0684852600093,0.009059906005859375,3761.242751216115,18.347525615688365,0.5557297871351148
gemma-3n-e2b-it,Q4_K_M,tool_submission,63,3,337.60826,171,False,1,491,1938.522104607072,4141.382920742034,0.0069141387939453125,9562.890226461452,55.59819899105495,0.5065041951284012
gemma-3n-e2b-it,Q4_K_M,tool_submission,63,2,280.045681,191,False,1,491,1438.8962040344875,2703.0616283416734,0.011205673217773438,4936.718845924518,25.71207732252353,0.6820315861254078
gemma-3n-e2b-it,Q4_K_M,tool_submission,60,1,339.078355,204,False,1,476,1631.8782143476533,3114.974355697631,0.009059906005859375,5750.090997565665,28.049224378369097,0.6016308531401245
gemma-3n-e2b-it,Q4_K_M,tool_submission,62,0,187.539516,108,True,1,381,1687.150594291337,3532.451963424682,0.008821487426757812,2373.8375858001687,21.778326475230905,0.5758786324264589
gemma-3n-e2b-it,Q4_K_M,tool_submission,63,4,303.861658,172,False,1,491,1732.4149884240476,3491.701030731201,0.008821487426757812,8146.192263392449,47.08781655140144,0.5660470660632018
llama-3.2-3b-instruct,Q4_K_M,base,17,0,2.778893,20,True,0,275,84.21861557733445,20.954132080078125,0.009059906005859375,12.355457675457,0.5883551274027143,7.197110504074824
llama-3.2-3b-instruct,Q4_K_M,base,15,0,2.998973,24,False,0,419,74.35079574584961,21.519994735717773,0.015974044799804688,4.475190107345581,0.17900760429382323,8.002739604524615
llama-3.2-3b-instruct,Q4_K_M,base,18,0,2.949409,28,True,0,424,61.92620869340568,16.97578430175779,0.009059906005859375,11.734064734458924,0.40462292187789395,9.493427327305232
llama-3.2-3b-instruct,Q4_K_M,base,15,1,2.759061,50,False,0,419,36.03725339852127,20.986080169677734,0.009059906005859375,11.381396026611329,0.22316462797277115,18.12210748511903
llama-3.2-3b-instruct,Q4_K_M,base,15,2,3.057624,31,False,0,419,57.73496627807617,21.302425861358643,0.007867813110351562,12.545885364294053,0.39205891763418915,10.13859127217735
llama-3.2-3b-instruct,Q4_K_M,base,16,0,2.752748,42,True,0,413,40.96484184265137,21.194839477539062,0.008106231689453125,8.625445218086243,0.2005917492578196,15.257480888188821
llama-3.2-3b-instruct,Q4_K_M,base,15,3,2.747465,59,False,0,419,30.618035793304443,21.32108211517334,0.010013580322265625,12.317931797504427,0.20529886329174044,21.47434089242265
llama-3.2-3b-instruct,Q4_K_M,base,15,4,2.857743,25,False,0,419,71.01657757392296,119.58318948745728,0.009059906005859375,12.910353838920592,0.49655207072771507,8.748162448477697
llama-3.2-3b-instruct,Q4_K_M,base,19,0,2.744567,16,True,0,357,103.42557290021111,336.60883903503304,0.007867813110351562,11.745803036212921,0.690929590365466,5.82969918387855
llama-3.2-3b-instruct,F16,base,42,0,2.897829,39,False,0,318,44.00797486305237,115.02392292022704,0.008106231689453125,14.83150427913666,0.3707876069784165,13.458351062122713
llama-3.2-3b-instruct,F16,base,42,1,5.061288,74,True,0,318,52.1232000986735,44.07820701599121,0.010967254638671875,54.53721649837493,0.7271628866449991,14.620784274674746
llama-3.2-3b-instruct,F16,base,43,4,2.931891,53,False,0,380,32.75379869672987,43.61153841018677,0.010013580322265625,15.901354250907898,0.29446952316496106,18.077070395863966
llama-3.2-3b-instruct,F16,base,40,0,2.953592,30,False,0,611,55.7857790300923,43.66958141326904,0.01621246337890625,4.7738308033943175,0.15399454204497798,10.157123935871983
llama-3.2-3b-instruct,F16,base,43,3,2.785066,40,False,0,380,44.57647044484208,115.32711982727051,0.010013580322265625,9.569211763381958,0.23339540886297458,14.362316727862105
llama-3.2-3b-instruct,F16,base,43,2,2.738536,39,False,0,380,45.9189236164093,43.75119209289551,0.009298324584960938,5.562176595926285,0.13905441489815712,14.241185801464725
llama-3.2-3b-instruct,F16,base,40,1,2.925868,30,False,0,611,59.01722754201582,81.60006999969482,0.010013580322265625,10.076506124019621,0.3250485846457942,10.253367547681577
llama-3.2-3b-instruct,F16,base,40,2,2.897831,27,False,0,611,64.61510487965175,44.024693965911865,0.008821487426757812,9.309998995304108,0.33249996411800387,9.317313535537442
llama-3.2-3b-instruct,F16,base,43,1,2.82667,43,False,0,380,41.366566311229356,134.94294881820693,0.015020370483398438,9.454697851181031,0.21487949661775071,15.212246211973806
llama-3.2-3b-instruct,F16,base,43,0,2.749458,41,False,0,380,42.16093676430838,124.71386194229089,0.010251998901367188,10.607471338748931,0.2525588413987841,14.912029934627114
llama-3.2-3b-instruct,F16,base,40,3,2.747013,27,False,0,611,65.46467542648315,43.564391136169434,0.010013580322265625,9.211032761335373,0.3289654557619776,9.82885774475767
llama-3.2-3b-instruct,F16,base,40,4,2.84399,27,False,0,611,65.27825764247349,130.8474779129028,0.009059906005859375,16.335996562004087,0.5834284486430031,9.493704267595879
llama-3.2-3b-instruct,F16,base,44,0,2.786843,35,True,0,364,49.576030837164986,64.03577327728271,0.008106231689453125,9.849766896486283,0.2736046360135079,12.559013909287318
llama-3.2-3b-instruct,F16,base,41,0,2.712011,27,True,0,380,62.39914894104004,43.2995080947876,0.015020370483398438,12.526712535858152,0.4473825905663626,9.955711831552305
llama-3.2-3b-instruct,Q4_K_M,full_tool,17,0,8.869117,122,False,1,3253,14.18160229194455,22.733759880065918,0.009059906005859375,52.843718975067134,0.42962373150461086,13.755597090443164
llama-3.2-3b-instruct,Q4_K_M,full_tool,17,1,5.085785,84,False,1,1747,20.069495369406308,22.257089614868164,0.009298324584960938,13.356652543544769,0.1571370887475855,16.516624277274797
llama-3.2-3b-instruct,Q4_K_M,full_tool,16,4,6.953315,79,False,1,2473,21.008464694023132,11.830711364746094,0.007867813110351562,2.1869388790130615,0.027336735987663268,11.361487290594486
llama-3.2-3b-instruct,Q4_K_M,full_tool,15,0,13.235427,102,False,0,4220,16.838011232394617,12.098956108093262,0.009059906005859375,13.902902503967287,0.13497963596084744,7.70658929251017
llama-3.2-3b-instruct,Q4_K_M,full_tool,16,3,5.128842,242,False,2,2173,15.704506218678667,22.461271286010742,0.009775161743164062,97.61482102632522,0.40170708241286096,47.18414020162836
llama-3.2-3b-instruct,Q4_K_M,full_tool,18,0,10.87337,344,False,1,3496,16.414947786192965,23.255634307861328,0.007867813110351562,55.913904268980026,0.162069287736174,31.6369258104893
llama-3.2-3b-instruct,Q4_K_M,full_tool,18,1,8.75428,107,False,1,2919,15.676639698169849,24.141693115234368,0.009059906005859375,52.613137676239006,0.4871586821873982,12.222592834590623
llama-3.2-3b-instruct,Q4_K_M,full_tool,16,2,6.898667,77,False,1,2396,20.67987124125163,22.642886638641354,0.009059906005859375,4.060671981811523,0.052059897202711834,11.161576577040174
llama-3.2-3b-instruct,Q4_K_M,full_tool,15,1,2.789161,123,False,1,1549,14.799831374999016,22.360289096832275,0.010251998901367188,54.986219001293186,0.44343725001042894,44.09928290263631
llama-3.2-3b-instruct,Q4_K_M,full_tool,15,2,7.005857,98,False,1,2797,14.834189655804876,13.98777961730957,0.008821487426757812,34.7486855456829,0.3509968236937667,13.988295793077135
llama-3.2-3b-instruct,Q4_K_M,full_tool,18,2,3.104294,100,True,1,1419,15.901376705358524,21.838903427124023,0.010967254638671875,28.191788492679596,0.2791266187394019,32.21344370088658
llama-3.2-3b-instruct,Q4_K_M,full_tool,16,1,4.929152,210,False,1,1982,18.299137811525174,22.766590118408203,0.010013580322265625,61.161145740509035,0.2898632499550191,42.603677062504865
llama-3.2-3b-instruct,Q4_K_M,full_tool,16,0,4.864096,159,False,1,1761,24.16011095046997,25.083839893341064,0.008821487426757812,36.531725292444236,0.22832328307777647,32.688499569087455
llama-3.2-3b-instruct,Q4_K_M,full_tool,15,3,8.850755,116,False,1,2822,30.811701065454727,20.544958114623995,0.009059906005859375,61.35082979846001,0.5243660666535044,13.106226530956965
llama-3.2-3b-instruct,Q4_K_M,full_tool,19,1,7.238353,32,True,2,2222,56.15609342401678,11.676645278930664,0.009059906005859375,1.2735932385921478,0.038593734502792354,4.420895195357287
llama-3.2-3b-instruct,Q4_K_M,full_tool,17,2,11.380277,51,True,5,2293,34.300056787637565,65.7151699066158,0.007867813110351562,9.624460965394974,0.1850857877960572,4.4814374904934215
llama-3.2-3b-instruct,Q4_K_M,full_tool,15,4,6.91666,105,False,1,3031,15.814056936300025,12.745082378387451,0.008344650268554688,49.9845347161293,0.4715522143031066,15.180737523602431
llama-3.2-3b-instruct,Q4_K_M,full_tool,19,0,7.22216,230,False,4,2692,16.104424670661167,21.92068099975586,0.010013580322265625,95.14327963352204,0.41187566940918635,31.84642821538155
llama-3.2-3b-instruct,F16,full_tool,42,0,17.532963,193,False,2,3013,42.07379301798712,124.22904968261719,0.008821487426757812,122.30224890398979,0.6304239634226277,11.007837066672645
llama-3.2-3b-instruct,F16,full_tool,44,2,6.749638,60,True,2,1909,28.117242406626218,98.08802604675293,0.007867813110351562,42.0567556014061,0.6894550098591165,8.889365622274854
llama-3.2-3b-instruct,F16,full_tool,42,1,63.425266,726,False,3,8570,35.109799042692536,130.7674169540405,0.009775161743164062,399.37387016248704,0.5493450758768735,11.446542455178667
llama-3.2-3b-instruct,F16,full_tool,43,4,14.778177,80,False,1,2763,46.00946697188012,122.06530570983887,0.010967254638671875,57.884233517169946,0.7146201668786413,5.413387591717165
llama-3.2-3b-instruct,F16,full_tool,40,0,19.771987,160,False,2,3879,35.970659729856884,122.31612205505371,0.009298324584960938,110.01471896362304,0.6833212357989009,8.092256989649043
llama-3.2-3b-instruct,F16,full_tool,43,3,7.194729,168,False,1,1747,36.63193967920789,46.34761810302734,0.010967254638671875,61.494448359966285,0.3638724755027591,23.350427792346313
llama-3.2-3b-instruct,F16,full_tool,43,2,22.936818,84,False,0,3842,43.686925663667566,125.82659721374512,0.010967254638671875,76.3946629421711,0.8987607404961305,3.6622342297000396
llama-3.2-3b-instruct,F16,full_tool,40,1,11.703493,104,False,3,2871,34.361993698846724,44.83757019042969,0.009298324584960938,54.99581997942924,0.5237697140898023,8.886235929734823
llama-3.2-3b-instruct,F16,full_tool,40,2,24.454687,199,False,8,3883,38.74433517456055,126.31553411483765,0.009059906005859375,143.75533046984674,0.7187766523492337,8.13749936770812
llama-3.2-3b-instruct,F16,full_tool,42,4,57.475293,423,False,2,8078,33.6122546555861,132.04246759414667,0.010013580322265625,249.7687394218445,0.5890772156175578,7.359684099392064
llama-3.2-3b-instruct,F16,full_tool,43,1,23.160464,79,False,0,4046,46.539562940597534,118.56660842895508,0.010013580322265625,37.86304187607765,0.47328802345097065,3.410985203059835
llama-3.2-3b-instruct,F16,full_tool,43,0,8.952753,207,False,1,1865,36.43435125167553,100.70835351943819,0.009059906005859375,116.2368977408409,0.5588312391386582,23.12137953543452
llama-3.2-3b-instruct,F16,full_tool,40,3,11.600678,130,False,1,2853,29.885577791519747,51.34844779968262,0.008821487426757812,31.67423386573791,0.24178804477662527,11.206241566225698
llama-3.2-3b-instruct,F16,full_tool,42,2,35.356193,489,False,3,5610,33.86239567581488,124.1292595863341,0.010967254638671875,291.4563481397629,0.5948088737546181,13.830674586486165
llama-3.2-3b-instruct,F16,full_tool,40,4,6.994569,61,True,1,2246,27.445647024339245,28.702831268310543,0.010013580322265625,45.462436723709104,0.733265108446921,8.72105200477685
llama-3.2-3b-instruct,F16,full_tool,44,0,10.805816,140,False,3,2597,39.890759380151195,119.8129653930664,0.009059906005859375,82.9773726451397,0.5884920045754588,12.955985924616892
llama-3.2-3b-instruct,F16,full_tool,44,1,8.810559,91,False,1,2241,41.18128185686858,81.23751878738423,0.009059906005859375,14.119193095207214,0.1534694901652958,10.328516045349676
llama-3.2-3b-instruct,F16,full_tool,41,0,6.990575,44,True,1,1862,37.589756647745766,22.913408279418945,0.009059906005859375,8.372508396148682,0.18605574213663736,6.294188961566109
llama-3.2-3b-instruct,F16,full_tool,42,3,15.664959,160,False,1,2875,36.327070330981144,123.77214431762695,0.009059906005859375,44.00344727063179,0.2733133370846695,10.21387927028727
llama-3.2-3b-instruct,Q4_K_M,tool_submission,17,0,2.714169,13,True,0,271,127.01928615570068,591.3709521293634,0.007867813110351562,6.264927134513855,0.44749479532241826,4.789679640435065
llama-3.2-3b-instruct,Q4_K_M,tool_submission,16,4,2.880449,71,False,0,409,25.692333777745564,21.297442913055423,0.008821487426757812,9.405314490795135,0.1306293679277102,24.648934940351314
llama-3.2-3b-instruct,Q4_K_M,tool_submission,15,0,2.904873,20,False,0,415,87.50565846761067,21.174907684326172,0.010013580322265625,5.530542313098907,0.2633591577666146,6.88498257927283
llama-3.2-3b-instruct,Q4_K_M,tool_submission,16,3,2.736421,56,False,0,409,32.43433383473179,21.21114730834961,0.008821487426757812,14.442002824544906,0.253368470606051,20.464687268516066
llama-3.2-3b-instruct,Q4_K_M,tool_submission,18,0,2.83976,43,True,0,420,40.12937979264693,21.82855606079102,0.007867813110351562,9.348601108551025,0.21246820701252328,15.142124686593233
llama-3.2-3b-instruct,Q4_K_M,tool_submission,16,2,2.936968,80,False,0,409,22.437963956668053,21.01588249206543,0.008821487426757812,9.151855807304383,0.11298587416425164,27.23897570555757
llama-3.2-3b-instruct,Q4_K_M,tool_submission,15,1,2.876354,22,False,0,415,80.3628278815228,19.80814933776854,0.010013580322265625,11.760006099700927,0.5113046130304751,7.648571768287213
llama-3.2-3b-instruct,Q4_K_M,tool_submission,15,2,2.880279,20,False,0,415,86.52009282793317,21.853208541870117,0.009059906005859375,12.703498935699463,0.6049285207475934,6.94377176655456
llama-3.2-3b-instruct,Q4_K_M,tool_submission,16,1,2.771763,71,False,0,409,25.583793719609577,21.663260459899902,0.008821487426757812,9.640838990926742,0.1339005415406492,25.615465680146535
llama-3.2-3b-instruct,Q4_K_M,tool_submission,16,0,2.746908,91,False,0,409,19.09128479335619,20.74657678604126,0.008106231689453125,10.819017219543458,0.11759801325590714,33.12815718618898
llama-3.2-3b-instruct,Q4_K_M,tool_submission,15,3,2.732828,59,False,0,415,30.63563108444214,21.145319938659668,0.007867813110351562,9.795088980197907,0.16325148300329845,21.589357251901692
llama-3.2-3b-instruct,Q4_K_M,tool_submission,15,4,2.900566,20,False,0,415,88.01805405389695,115.91815948486328,0.009059906005859375,10.288909896612168,0.48994809031486514,6.895205970145137
llama-3.2-3b-instruct,Q4_K_M,tool_submission,19,0,2.897798,16,True,0,353,102.07605361938477,332.03792572021376,0.007867813110351562,10.687148263454437,0.6286557802032022,5.521433861159405
llama-3.2-3b-instruct,F16,tool_submission,42,0,9.076209,251,False,0,314,32.172896559276275,117.22872257232663,0.013113021850585938,160.5572332234383,0.6371318778707868,27.654717955481193
llama-3.2-3b-instruct,F16,tool_submission,42,1,2.878148,65,True,0,314,25.878118746208422,43.61891746520996,0.007867813110351562,43.45526031064988,0.6584130350098466,22.583967190012466
llama-3.2-3b-instruct,F16,tool_submission,43,4,2.930458,48,False,0,376,36.78034762946927,43.505239486694336,0.009059906005859375,9.411978192329407,0.19208118759855933,16.37969218463462
llama-3.2-3b-instruct,F16,tool_submission,40,0,2.866656,39,False,0,607,43.77660155296326,43.60802173614502,0.009775161743164062,1.8863917617797852,0.04715979404449463,13.604701784936875
llama-3.2-3b-instruct,F16,tool_submission,43,3,2.902303,43,False,0,376,41.54432361776178,109.79546308517466,0.008106231689453125,9.878370005607605,0.22450840921835466,14.81582040193598
llama-3.2-3b-instruct,F16,tool_submission,43,2,2.811763,49,False,0,376,37.94055938720703,43.46340894699097,0.009059906005859375,2.2108775200843813,0.04421755040168763,17.426788815415808
llama-3.2-3b-instruct,F16,tool_submission,40,1,2.73654,30,False,0,607,58.731655920705485,86.95447444915771,0.008344650268554688,14.627629826545714,0.47185902666276497,10.962748580324059
llama-3.2-3b-instruct,F16,tool_submission,40,2,2.905925,36,False,0,607,43.199487634607266,43.98684501647949,0.010013580322265625,10.146490738391876,0.2742294794159966,12.388482152842899
llama-3.2-3b-instruct,F16,tool_submission,43,1,2.922558,50,False,0,376,35.91382269765816,82.60726928710938,0.013113021850585938,10.460147460937499,0.20510093060661763,17.108300331421994
llama-3.2-3b-instruct,F16,tool_submission,43,0,2.769608,41,False,0,376,42.653804733639674,43.284809589385986,0.010013580322265625,7.336479851245881,0.1746780916963305,14.803538984578324
llama-3.2-3b-instruct,F16,tool_submission,40,3,4.758453,125,False,0,607,30.455842850700257,100.14897584915161,0.010251998901367188,41.374243000984194,0.328367007944319,26.26904164021374
llama-3.2-3b-instruct,F16,tool_submission,40,4,4.803438,126,False,0,607,30.121315182663324,99.02436733245762,0.009059906005859375,83.9899347448349,0.6613380688569677,26.23121189448058
llama-3.2-3b-instruct,F16,tool_submission,44,0,2.746147,35,True,0,360,49.33210876252916,62.849342823028564,0.008821487426757812,11.132354276657106,0.30923206324047514,12.745129812788608
llama-3.2-3b-instruct,F16,tool_submission,41,0,2.802121,24,True,0,376,72.98175811767578,39.793157577514584,0.008821487426757812,1.649132044315338,0.06596528177261353,8.564940628902178
qwen-3-0.6b,Q4_K_M,base,25,1,8.767618,827,False,0,407,9.502240137201577,14.999079704284666,0.009775161743164062,90.16879812192917,0.10889951464001107,94.32436495294388
qwen-3-0.6b,Q4_K_M,base,26,2,23.011178,2049,False,0,471,10.698111363304365,15.549612045288082,0.009059906005859375,231.26067978692058,0.11286514386867769,89.04368129263091
qwen-3-0.6b,Q4_K_M,base,28,1,12.764365,1154,True,0,352,10.30287453622529,14.97375965118407,0.009059906005859375,121.36638388371468,0.10507912024564041,90.4079443043191
qwen-3-0.6b,Q4_K_M,base,29,4,23.144726,2049,False,0,438,10.879139600002574,16.83597564697265,0.010013580322265625,162.39716475725174,0.07925679099914677,88.52988797534263
qwen-3-0.6b,Q4_K_M,base,28,0,23.673602,2049,False,0,352,10.962692570721249,14.22400474548338,0.008821487426757812,241.68579612588883,0.11795304837769098,86.55210136590115
qwen-3-0.6b,Q4_K_M,base,26,3,23.273966,2049,False,0,471,10.943526113946708,12.241601943969716,0.013828277587890625,123.20700401782989,0.06013030942793064,88.03828277483949
qwen-3-0.6b,Q4_K_M,base,25,0,9.003683,795,False,0,407,10.208198473082115,12.12221384048462,0.014066696166992188,51.54434826087952,0.06475420635788884,88.29720015686914
qwen-3-0.6b,Q4_K_M,base,26,4,12.923351,1102,True,0,471,10.791183058391997,13.920783996581994,0.010967254638671875,120.87832124900817,0.10959049977244621,85.27200104678732
qwen-3-0.6b,Q4_K_M,base,27,1,6.735266,499,False,0,495,11.70113229751587,12.401163578033445,0.010967254638671875,51.33209848666191,0.10266419697332382,74.08764553619709
qwen-3-0.6b,Q4_K_M,base,29,2,22.822513,2049,False,0,438,10.704062519101413,17.15245246887205,0.023126602172851562,247.13560790371895,0.12061279058258612,89.77977140378889
qwen-3-0.6b,Q4_K_M,base,29,3,23.588191,2049,False,0,438,11.02295906267962,16.48135185241698,0.009059906005859375,241.2086893670559,0.1177201997887047,86.86549977486617
qwen-3-0.6b,Q4_K_M,base,27,0,9.288925,779,False,0,495,10.414923154390776,12.245368957519519,0.010967254638671875,80.16759716939926,0.10277897072999904,83.86331034000166
qwen-3-0.6b,Q4_K_M,base,29,0,23.026638,2049,False,0,438,10.680138046651889,14.792346954345698,0.007867813110351562,241.32166006040575,0.11777533433889983,88.98389769275046
qwen-3-0.6b,Q4_K_M,base,27,3,10.710596,882,False,0,495,11.183575082608284,15.194177627563477,0.008821487426757812,52.56776961112023,0.05953314791746345,82.34835857873829
qwen-3-0.6b,Q4_K_M,base,25,4,10.848574,924,False,0,407,10.695653863855311,15.512275695800781,0.010967254638671875,96.62974019432068,0.10446458399386019,85.17248442053307
qwen-3-0.6b,Q4_K_M,base,27,2,22.955781,2049,False,0,495,10.696368429240742,14.502000808715811,0.009059906005859375,245.27746495437623,0.11970593702019337,89.25856192825675
qwen-3-0.6b,Q4_K_M,base,29,1,22.813101,2049,False,0,438,10.714412840940476,17.243528366088864,0.010013580322265625,130.00274512672425,0.06344692295106112,89.81681183982835
qwen-3-0.6b,Q4_K_M,base,25,3,22.796084,2048,False,0,407,10.700348937377631,17.006206512451158,0.007867813110351562,131.433383685112,0.06414513601030357,89.83999181613824
qwen-3-0.6b,Q4_K_M,base,26,0,23.10079,2049,False,0,471,10.7386627681317,11.181163787841797,0.014781951904296875,243.57239930915833,0.11887379175654383,88.69826529742056
qwen-3-0.6b,Q4_K_M,base,26,1,22.796366,2049,False,0,471,10.699170807502862,14.153146743774398,0.015974044799804688,134.38088945817947,0.06558364541638823,89.88274710100724
qwen-3-0.6b,Q4_K_M,base,27,4,10.876665,1017,False,0,495,9.725813547145641,14.239883422851559,0.011920928955078125,103.72866012167931,0.1018945580763058,93.50292575895277
qwen-3-0.6b,Q4_K_M,base,25,2,8.831345,786,False,0,407,9.995298434091493,14.815759658813457,0.009059906005859375,84.90478713297844,0.1078841005501632,89.00116573409825
qwen-3-0.6b,F16,base,53,0,7.192823,472,True,0,436,12.577886057202457,15.3872013092041,0.012159347534179688,113.17978794765472,0.23928073561872032,65.62096689992232
qwen-3-0.6b,F16,base,50,2,21.030905,1660,True,0,503,12.035418963446666,17.267227172851562,0.012159347534179688,356.17515300250056,0.2144341679726072,78.93145825155884
qwen-3-0.6b,F16,base,51,0,6.733641,446,True,0,390,13.056937480132852,15.20688533782959,0.013113021850585938,85.88809020781517,0.19214337854097352,66.23459730033127
qwen-3-0.6b,F16,base,54,1,14.985296,1128,True,0,468,12.265615699774823,17.95272827148437,0.009059906005859375,238.54486326479912,0.21128862999539338,75.27378838562815
qwen-3-0.6b,F16,base,54,0,27.586441,2049,False,0,468,13.006723817236077,17.589330673217766,0.012159347534179688,541.9100554437637,0.264475380890075,74.2756196785225
qwen-3-0.6b,F16,base,52,0,4.747939,342,True,0,366,11.14268843517747,14.768850803375244,0.010013580322265625,97.60834328985214,0.28374518398212834,72.03125398199093
qwen-3-0.6b,F16,base,50,1,26.821079,2049,False,0,503,12.637302083117373,19.228219985961914,0.010013580322265625,503.4819525589943,0.24572081628062192,76.39513682503228
qwen-3-0.6b,F16,base,50,0,27.333598,2049,False,0,503,12.787804363878138,18.64337921142578,0.013113021850585938,337.964013346672,0.16494095331706785,74.962688775916
qwen-3-0.6b,Q4_K_M,full_tool,25,1,18.823211,1590,False,1,1087,11.257868004924168,16.83962345123291,0.012159347534179688,181.90930707120896,0.11433645950421682,84.47017886586937
qwen-3-0.6b,Q4_K_M,full_tool,26,2,50.311704,524,False,1,1579,10.858569826398577,12.646198272705078,0.009298324584960938,52.548655914783474,0.1000926779329209,10.415071610375193
qwen-3-0.6b,Q4_K_M,full_tool,29,4,29.235638,523,False,1,1256,10.737809061094095,11.9844913482666,0.015020370483398438,65.90917352962495,0.12578086551455142,17.889125593906996
qwen-3-0.6b,Q4_K_M,full_tool,28,0,15.413794,1341,True,1,832,10.642590892297145,13.11801671981812,0.014066696166992188,150.63705886268616,0.11224818097070503,86.99999493959761
qwen-3-0.6b,Q4_K_M,full_tool,26,3,99.064702,566,False,1,2317,10.300278873880915,14.459633827209462,0.012159347534179688,50.73693210077286,0.08948312539818847,5.713437668242317
qwen-3-0.6b,Q4_K_M,full_tool,25,0,14.982348,1343,False,1,895,10.406830303725743,14.680731296539305,5.678892135620117,78.76536403608323,0.05860518157446669,89.63882029705891
qwen-3-0.6b,Q4_K_M,full_tool,26,4,85.030532,1469,True,1,1854,10.793361209687733,13.073313236236572,0.01811981201171875,164.0310140914917,0.11158572387176306,17.276147349048692
qwen-3-0.6b,Q4_K_M,full_tool,27,1,48.905482,463,False,1,1515,8.311126766533688,10.98952293395996,0.011682510375976562,40.320689236402515,0.08689803714741921,9.46724132071738
qwen-3-0.6b,Q4_K_M,full_tool,29,2,18.791389,1692,False,1,926,10.581611389953288,16.72801971435547,0.010967254638671875,104.09223518729209,0.06148389556248794,90.04124176238383
qwen-3-0.6b,Q4_K_M,full_tool,29,3,8.811996,849,False,1,926,9.248250512515797,15.096664428710938,0.011920928955078125,87.59285887742043,0.10305042220872991,96.34593569947148
qwen-3-0.6b,Q4_K_M,full_tool,27,0,9.026792,853,False,1,953,9.546941560660368,12.614667415618891,0.009059906005859375,37.86368934464454,0.04433687276890461,94.49647227941
qwen-3-0.6b,Q4_K_M,full_tool,29,0,12.768374,1111,False,1,1018,10.680484900371633,12.226974964141846,0.009059906005859375,120.68122743725777,0.10852628366659872,87.01186227784368
qwen-3-0.6b,Q4_K_M,full_tool,27,3,18.81052,1691,False,1,953,10.578933055237394,16.262471675872803,0.009775161743164062,117.36262432599068,0.06936325314774863,89.89650472182586
qwen-3-0.6b,Q4_K_M,full_tool,25,4,14.931321,1383,False,1,1056,10.027049766110547,15.52616357803344,0.009775161743164062,147.62048294305802,0.10666219865827892,92.62408865230343
qwen-3-0.6b,Q4_K_M,full_tool,27,2,34.939113,1140,False,1,1252,10.408989281951076,14.17088508605957,0.007867813110351562,121.51358536577224,0.10649744554405981,32.62818950212045
qwen-3-0.6b,Q4_K_M,full_tool,29,1,10.894965,873,False,1,903,11.274513445402446,13.584935665130612,0.008821487426757812,97.21030949497222,0.1112246104061467,80.12875672386282
qwen-3-0.6b,Q4_K_M,full_tool,25,3,14.7597,1246,False,1,1030,11.14385072575059,15.588116645813,0.013113021850585938,61.63118963646888,0.04942356827303038,84.41906000799474
qwen-3-0.6b,Q4_K_M,full_tool,26,0,17.008549,1493,False,1,1080,10.778819860384328,13.89474868774414,0.011205673217773438,89.06267862462998,0.059613573376593024,87.77938670723765
qwen-3-0.6b,Q4_K_M,full_tool,26,1,20.816794,1866,False,2,1082,10.668907947060125,17.32912063598631,0.010013580322265625,218.75713236522674,0.11717039762465278,89.6391634561979
qwen-3-0.6b,Q4_K_M,full_tool,27,4,4.801194,425,False,1,924,9.045342884153268,11.74616813659668,0.010967254638671875,42.66318819928169,0.10014832910629505,88.51964740437484
qwen-3-0.6b,Q4_K_M,full_tool,25,2,10.865807,958,False,1,1009,10.159527546919424,13.441824913024892,0.008821487426757812,107.2951644334793,0.11188234038944661,88.16648409087333
qwen-3-0.6b,F16,full_tool,53,0,10.730752,763,True,1,1020,12.88344629147914,16.22997522354126,0.009059906005859375,181.80588244104388,0.23796581471340822,71.10405682658586
qwen-3-0.6b,F16,full_tool,51,0,8.919634,600,True,1,923,13.103047940576335,12.077808380126953,0.010967254638671875,128.625193598032,0.21401862495512813,67.26733406325864
qwen-3-0.6b,F16,full_tool,54,0,35.293368,589,True,1,1414,13.289860547599146,15.286052227020253,0.010013580322265625,140.43385229158403,0.2380234784603119,16.688687801062226
qwen-3-0.6b,F16,full_tool,52,0,6.765942,414,True,1,888,14.09235632563212,15.026497840881346,0.010013580322265625,96.825884349823,0.2333153839754771,61.18881894051117
qwen-3-0.6b,F16,full_tool,50,1,38.853025,1031,True,1,1270,11.490403219710949,15.906953811645508,15.16580581665039,261.2780118982792,0.2531763681184876,26.535900357822843
qwen-3-0.6b,F16,full_tool,50,0,59.196249,559,False,1,1482,10.4270658322743,14.6894097328186,0.013113021850585938,68.19053854441643,0.12176881882931505,9.443165900596167
qwen-3-0.6b,Q4_K_M,tool_submission,25,1,10.754652,1021,False,1,524,9.68158501701579,13.902032375335693,0.010013580322265625,110.46200916218758,0.10808415769294284,94.93566133055724
qwen-3-0.6b,Q4_K_M,tool_submission,26,2,24.824389,2049,False,0,588,11.670671014334296,11.739873886108391,20.135879516601562,236.1363780872822,0.11524469403966921,82.53979584351502
qwen-3-0.6b,Q4_K_M,tool_submission,29,4,17.057048,1520,False,1,555,10.425004733384714,14.309883117675781,18.81122589111328,172.60931471705436,0.11348409909076553,89.11272337393902
qwen-3-0.6b,Q4_K_M,tool_submission,28,0,6.954544,709,True,1,469,8.411501494931503,12.412583827972407,0.008821487426757812,72.79851134848595,0.10253311457533232,101.94773374070247
qwen-3-0.6b,Q4_K_M,tool_submission,26,3,10.760075,947,True,1,588,10.399855641876092,13.068997859954823,0.010967254638671875,87.83259128952028,0.09265041275265852,88.01053895999794
qwen-3-0.6b,Q4_K_M,tool_submission,25,0,11.183883,977,False,1,524,10.490473306495963,13.514149188995356,0.012874603271484375,73.19874590206146,0.07484534345814055,87.35785236666013
qwen-3-0.6b,Q4_K_M,tool_submission,27,1,24.822024,2048,False,0,612,11.66858365909247,15.805768966674759,0.014066696166992188,206.71418187212942,0.100885398668682,82.5073732907518
qwen-3-0.6b,Q4_K_M,tool_submission,29,2,22.87359,2049,False,0,555,10.764110838860754,13.842678070068349,6.990194320678711,122.92714714431762,0.05999372725442539,89.57929210062784
qwen-3-0.6b,Q4_K_M,tool_submission,29,3,8.78134,861,False,1,555,9.132074092767631,13.710808753967276,0.010967254638671875,96.36579338169098,0.11179326378386424,98.04881715091318
qwen-3-0.6b,Q4_K_M,tool_submission,27,0,24.169183,2049,False,0,612,11.27872192434941,16.196250915527344,0.008106231689453125,347.68132344651224,0.16968341798268044,84.77737952499263
qwen-3-0.6b,Q4_K_M,tool_submission,29,0,22.768315,2049,False,0,555,10.68806240999623,16.27631187438965,0.010967254638671875,191.3899826579094,0.09340653131181523,89.99348436632224
qwen-3-0.6b,Q4_K_M,tool_submission,27,3,6.966576,643,False,1,612,9.429792439715463,11.857962608337406,0.009298324584960938,35.618526406764985,0.055308270817958055,92.29785191462778
qwen-3-0.6b,Q4_K_M,tool_submission,25,4,14.953951,1276,False,1,524,10.879336620740062,14.806127548217786,0.007867813110351562,142.8547647073269,0.1118674743205379,85.3286198410039
qwen-3-0.6b,Q4_K_M,tool_submission,27,2,8.832604,664,False,1,612,11.842929510245646,13.959503173828121,0.009298324584960938,87.36083372759819,0.13136967477834313,75.17601830671906
qwen-3-0.6b,Q4_K_M,tool_submission,29,1,14.841452,1394,False,1,555,9.973913110712523,13.900208473205565,14.60886001586914,164.1977196354866,0.11770445852006209,93.9261198971637
qwen-3-0.6b,Q4_K_M,tool_submission,25,3,16.749973,1448,False,1,524,10.978002725921062,15.630197525024409,0.009775161743164062,89.28436946463586,0.061617922335842554,86.44790054288445
qwen-3-0.6b,Q4_K_M,tool_submission,26,0,23.532735,2049,False,0,588,11.045480833337503,11.632919311523436,0.011920928955078125,130.1463391969204,0.06351700302436329,87.07020242228539
qwen-3-0.6b,Q4_K_M,tool_submission,26,1,22.804697,2049,False,0,588,10.706756567594306,14.1364574432373,13.791322708129883,229.2146087527275,0.11186657332978403,89.84991118277081
qwen-3-0.6b,Q4_K_M,tool_submission,27,4,8.887707,677,False,1,612,11.606901444516703,13.827908039093016,0.010967254638671875,100.25147446560861,0.1478635316601897,76.17262810306414
qwen-3-0.6b,Q4_K_M,tool_submission,25,2,22.933499,2049,False,0,524,10.63492927625739,13.257837295532223,0.008106231689453125,269.8389786536694,0.13169301056792065,89.3452848167652
qwen-3-0.6b,F16,tool_submission,53,0,9.561682,575,False,1,553,13.975203037261963,15.643656253814697,0.010967254638671875,205.0279293618202,0.3559512662531601,60.13586312533716
qwen-3-0.6b,F16,tool_submission,53,1,6.797735,504,True,1,553,11.500445450886641,15.772056579589842,0.010013580322265625,140.9132807543278,0.2790361995135204,74.14234300101431
qwen-3-0.6b,F16,tool_submission,50,2,16.97581,1367,True,1,620,11.596636639700996,17.378950119018548,0.008821487426757812,313.5186396820545,0.22918029216524455,80.52634896361353
qwen-3-0.6b,F16,tool_submission,51,0,6.752812,522,True,1,507,11.147657726280547,15.32907485961914,0.014066696166992188,65.65921085834503,0.12554342420333658,77.30113025507003
qwen-3-0.6b,F16,tool_submission,54,1,17.457578,1384,True,1,585,11.912304055389514,16.809129714965817,17.35210418701172,294.2959539513588,0.21248805339448287,79.27789295857649
qwen-3-0.6b,F16,tool_submission,54,0,27.258255,2049,False,0,585,12.763847311046893,19.55018043518066,14.804363250732422,504.4367960054874,0.24618682089091626,75.1698889015456
qwen-3-0.6b,F16,tool_submission,52,0,25.110724,1860,True,1,483,12.989177299019856,16.518831253051758,0.009775161743164062,475.64047921347606,0.2555832773849952,74.07193834793453
qwen-3-0.6b,F16,tool_submission,50,1,28.700498,2049,False,0,620,13.580610951078759,20.140743255615234,0.011920928955078125,578.902652094364,0.28252935680544855,71.39248942649009
qwen-3-0.6b,F16,tool_submission,50,0,19.284954,1506,False,1,620,11.985239637712809,16.663146018981937,15.394926071166992,269.39648384690287,0.1787634265739236,78.09196744778339
qwen-3-4b,Q4_K_M,base,20,0,52.979546,2049,False,0,361,25.201978190111614,42.75665283203121,0.0152587890625,1133.325550575018,0.5531115424963485,38.67530310659891
qwen-3-4b,Q4_K_M,base,24,4,51.530423,2049,False,0,392,24.710527567121098,36.75661087036131,0.0152587890625,1056.2157372238635,0.5154786418857313,39.76291830556097
qwen-3-4b,Q4_K_M,base,20,1,54.631492,2049,False,0,361,26.12457826929944,49.678373336791964,0.010013580322265625,1135.4919467213156,0.5541688368576455,37.50584003819628
qwen-3-4b,Q4_K_M,base,22,0,27.012924,1095,True,0,436,23.36081492639806,36.589622497558594,0.010967254638671875,578.2548801262378,0.5276048176334287,40.53615225067823
qwen-3-4b,Q4_K_M,base,24,2,51.244146,2049,False,0,392,24.494710696971143,37.206077575683594,0.010251998901367188,1070.169122772932,0.5222884933006013,39.985055073412674
qwen-3-4b,Q4_K_M,base,24,3,51.276414,2049,False,0,392,24.350805827150584,40.11917114257791,0.010967254638671875,1080.2984137070207,0.5272320223069891,39.95989267112166
qwen-3-4b,Q4_K_M,base,24,0,50.947986,2049,False,0,392,24.317690079941755,36.96618080139156,0.008106231689453125,1057.4323149504662,0.5160723840656253,40.21748769421425
qwen-3-4b,Q4_K_M,base,20,4,50.815508,2046,False,0,361,24.26606107900103,36.917924880981445,0.015020370483398438,1093.2580856502059,0.5343392402982433,40.26329914875593
qwen-3-4b,Q4_K_M,base,21,0,36.880943,1476,True,0,389,24.06656330472808,40.635395050048864,0.008106231689453125,764.0703810191156,0.5173123771287175,40.0206686689112
qwen-3-4b,Q4_K_M,base,24,1,49.041604,2049,False,0,392,23.369790287120217,35.1483345031738,0.010013580322265625,1080.768698837757,0.5274615416484905,41.78085202922808
qwen-3-4b,Q4_K_M,base,20,2,54.740132,2049,False,0,361,26.12254118093227,48.804187774658125,0.010967254638671875,1151.1460228879455,0.5618086983347709,37.43140407480201
qwen-3-4b,Q4_K_M,base,23,0,29.469138,1224,True,0,470,23.176471165248326,39.27006721496582,0.009059906005859375,591.9286958475114,0.48320709865102973,41.53497805059652
qwen-3-4b,Q4_K_M,base,20,3,51.357468,2049,False,0,361,24.49110055795933,39.547920227050746,0.010013580322265625,1151.0601014850138,0.5617667650000068,39.89682668935315
qwen-3-4b,F16,base,47,1,89.316909,2049,False,0,399,43.0576709376829,162.4409198760986,0.010967254638671875,1671.7744522686003,0.8158977317074672,22.94078493020846
qwen-3-4b,F16,base,47,0,96.397279,2049,False,0,399,46.33562084289223,162.39190101623535,0.014066696166992188,1486.6205832832622,0.7255346916951011,21.25578669082558
qwen-3-4b,F16,base,45,1,85.070172,1918,False,0,366,43.85483320831569,161.7696762084961,0.012159347534179688,1567.1143515567778,0.8166307199357883,22.546092889056343
qwen-3-4b,F16,base,48,1,89.820636,2049,False,0,371,43.24953540934185,161.89327239990234,0.010967254638671875,1627.2839504966737,0.7941844560745113,22.812129720390757
qwen-3-4b,F16,base,48,0,89.298961,2049,False,0,371,42.97104005175954,161.3847255706787,0.010251998901367188,1665.0173303146366,0.8125999659905498,22.94539574766161
qwen-3-4b,F16,base,45,0,89.224782,2049,False,0,366,42.964065406542396,161.13739013671875,0.015974044799804688,1502.5656371668247,0.7333165627949364,22.964471910954064
qwen-3-4b,F16,base,46,0,45.05694,1019,True,0,423,42.970852057139076,164.1421318054199,0.010013580322265625,789.1622441442014,0.7736884746511778,22.615827883562446
qwen-3-4b,F16,base,48,3,88.907145,2049,False,0,371,42.94527280964812,162.43863105773923,0.010013580322265625,1662.3218296549317,0.8112844459028461,23.04651667759661
qwen-3-4b,F16,base,48,2,89.266995,2049,False,0,371,43.10871776340647,162.2304916381836,0.010967254638671875,1675.9866297929282,0.8179534552430103,22.953612362553486
qwen-3-4b,F16,base,47,4,89.468982,2049,False,0,399,43.21296742161406,162.78467178344724,0.011920928955078125,1668.3443439481262,0.8142236915315403,22.90179181875569
qwen-3-4b,F16,base,45,2,70.329614,1645,True,0,366,42.17087107179811,162.00262308120728,0.010013580322265625,1326.5945146336555,0.8059504949171662,23.389862483817982
qwen-3-4b,F16,base,47,3,89.75982,2049,False,0,399,43.344254258669196,162.84704208374023,0.009775161743164062,1655.5470540361403,0.8079780644393071,22.827585884196292
qwen-3-4b,F16,base,49,0,65.644818,1381,True,0,540,46.52448690748422,160.79702377319336,0.010013580322265625,967.5940410341492,0.7001404059581398,21.037456452388977
qwen-3-4b,F16,base,48,4,89.410221,2049,False,0,371,43.16385598692329,162.0804786682129,0.010013580322265625,1654.728108619213,0.8075783839039594,22.91684303073135
qwen-3-4b,F16,base,47,2,89.507976,2049,False,0,399,43.08621088663737,163.2730484008789,0.010013580322265625,1651.555726171017,0.8060301250224583,22.89181469146392
qwen-3-4b,Q4_K_M,full_tool,20,0,45.627389,1841,True,1,1033,24.163558739404337,39.14521932601929,0.008821487426757812,922.15226014328,0.5006255483948318,40.348572213939306
qwen-3-4b,Q4_K_M,full_tool,22,0,19.081121,767,True,1,1052,23.046037803093594,37.21120357513427,0.012159347534179688,366.39876315164565,0.47708172285370526,40.1967997582532
qwen-3-4b,Q4_K_M,full_tool,24,0,42.896498,1775,False,1,911,23.572943097836262,38.58298063278198,0.010013580322265625,952.1530133974553,0.5361221922282969,41.37866918646832
qwen-3-4b,Q4_K_M,full_tool,21,0,16.830607,675,True,1,912,23.22321460091856,37.943363189697266,0.010251998901367188,332.1133975963593,0.491292008278638,40.105505404528785
qwen-3-4b,Q4_K_M,full_tool,24,1,198.134919,1918,True,1,1769,24.140366916547162,38.93988132476803,0.04315376281738281,1129.8118208298686,0.5887502974621515,9.68027246121114
qwen-3-4b,Q4_K_M,full_tool,23,0,15.239303,589,True,1,1145,24.079255734459828,31.810808181762688,0.019073486328125,252.52388304734228,0.4280065814361734,38.65006162027227
qwen-3-4b,F16,full_tool,47,0,172.619477,1904,True,1,1301,43.68620945086942,164.67833518981934,0.011205673217773438,1571.7206435379983,0.8250502065816264,11.030041528859458
qwen-3-4b,F16,full_tool,48,1,454.02968,2049,False,0,1794,44.51326465187799,163.49859237670898,0.010967254638671875,1799.5472323234083,0.8782563359313852,4.512920829316709
qwen-3-4b,F16,full_tool,48,0,447.912457,2049,False,0,1798,44.538631155294226,163.82646560668945,0.012159347534179688,1697.4260790428373,0.8284168272537029,4.574554621060695
qwen-3-4b,F16,full_tool,45,0,75.182259,1721,True,1,1002,42.94138226082654,163.47255706787104,0.011205673217773438,1322.1705443396568,0.7678110013586857,22.891038695711444
qwen-3-4b,F16,full_tool,46,0,19.511251,418,True,1,967,43.40387813231256,157.8280925750732,0.010013580322265625,299.1515749022961,0.7139655725591793,21.423536604598034
qwen-3-4b,F16,full_tool,48,3,458.054985,2049,False,0,1792,44.14255005839745,162.42184638977048,0.012159347534179688,1733.4388144309044,0.8459925887900949,4.473262091012939
qwen-3-4b,F16,full_tool,48,2,451.77702,2049,False,0,1796,44.523763679887914,164.54234123229972,0.010967254638671875,1761.6942231011394,0.8597824417282282,4.535423249283463
qwen-3-4b,F16,full_tool,49,0,28.577756,599,True,1,1051,45.54933349291483,160.53588390350336,0.010013580322265625,450.3069730193615,0.7505116216989358,20.960358119090944
qwen-3-4b,F16,full_tool,48,4,477.356782,2049,False,0,1796,48.67338005538799,164.34292793273923,0.009059906005859375,1494.6694041012229,0.7294628619332469,4.292386904853904
qwen-3-4b,Q4_K_M,tool_submission,20,0,45.805962,1845,True,1,478,24.141052562263134,39.22891616821289,0.013113021850585938,929.7849937002659,0.5036755112135785,40.27859954125622
qwen-3-4b,Q4_K_M,tool_submission,22,0,21.294292,841,True,1,553,24.064051000635867,36.550176143646205,0.009059906005859375,338.215856026411,0.40168153922376604,39.49415176611648
qwen-3-4b,Q4_K_M,tool_submission,24,0,21.235386,869,True,1,509,23.261926640039203,33.45894813537596,0.010013580322265625,316.1898000259399,0.36343655175395395,40.92226060783638
qwen-3-4b,Q4_K_M,tool_submission,21,0,16.893943,701,True,1,506,22.204357334691235,32.92015790939323,0.008821487426757812,331.713998663187,0.4725270636227735,41.49416154653771
qwen-3-4b,Q4_K_M,tool_submission,23,0,17.050064,691,True,1,587,22.474894289336454,34.23428535461426,0.010013580322265625,341.0167798914909,0.49279881487209665,40.52770711007302
qwen-3-4b,F16,tool_submission,47,1,89.584075,2049,False,0,516,43.269308326650446,164.14318084716797,0.008821487426757812,1611.885744073391,0.7866694700211766,22.872368777598027
qwen-3-4b,F16,tool_submission,47,0,88.977915,2049,False,0,516,42.80155830234362,163.15598487854004,0.009059906005859375,1729.1565401141645,0.8439026550093531,23.02818626397348
qwen-3-4b,F16,tool_submission,48,1,90.157443,2049,False,0,488,43.390670132206495,162.9744529724121,0.011920928955078125,1643.9673053665908,0.8023266497640755,22.726908969678743
qwen-3-4b,F16,tool_submission,48,0,89.610196,2049,False,0,488,43.18433182596753,162.8093719482422,0.008106231689453125,1710.5613153126235,0.8348273866825884,22.86570157708393
qwen-3-4b,F16,tool_submission,45,0,70.473922,1601,True,1,483,43.28359557448255,161.12895011901853,0.010013580322265625,1088.9435867946147,0.6797400666633051,22.71762312306104
qwen-3-4b,F16,tool_submission,46,0,25.957111,579,True,1,540,42.6569704351754,159.8570346832275,0.007867813110351562,458.10705136919023,0.7898397437399831,22.306026275420248
qwen-3-4b,F16,tool_submission,48,3,89.02095,2049,False,0,488,42.85518735603567,162.80913352966306,0.011920928955078125,1677.698579865456,0.818788960402858,23.01705385080703
qwen-3-4b,F16,tool_submission,48,2,88.867959,2049,False,0,488,42.77212983983618,163.73729705810547,0.014066696166992188,1732.2864974770553,0.8454302086271621,23.056678954447463
qwen-3-4b,F16,tool_submission,47,3,81.310185,1893,True,1,516,42.433756583595475,161.75010204315186,0.009298324584960938,1542.791772650957,0.8145679897840322,23.281216246156614
qwen-3-4b,F16,tool_submission,49,0,22.341131,490,True,1,657,43.218067367305096,164.40355777740479,0.010013580322265625,390.3259505550861,0.7949612027598495,21.932640742315147
qwen-3-4b,F16,tool_submission,48,4,95.115977,2049,False,0,488,45.831690653758606,162.26210594177246,0.012159347534179688,1595.4495007169648,0.7786478773630868,21.54212220308687
qwen-3-4b,F16,tool_submission,47,2,91.117796,2049,False,0,516,43.97673848898251,163.18802833557126,0.008821487426757812,1537.2707576911448,0.7502541521186651,22.487374475124486
